{
    "fields": {
        "name": {
            "type": "varchar",
            "required": true,
            "pattern": "$noBadCharacters"
        },
        "description": {
            "type": "text"
        },
        "createdAt": {
            "type": "datetime",
            "readOnly": true
        },
        "modifiedAt": {
            "type": "datetime",
            "readOnly": true
        },
        "createdBy": {
            "type": "link",
            "readOnly": true,
            "view": "views/fields/user"
        },
        "modifiedBy": {
            "type": "link",
            "readOnly": true,
            "view": "views/fields/user"
        },
        "assignedUser": {
            "type": "link",
            "required": false,
            "view": "views/fields/assigned-user"
        },
        "teams": {
            "type": "linkMultiple",
            "view": "views/fields/teams"
        },
        "dname": {
            "type": "text",
            "required": true,
            "rowsMin": 2,
            "cutHeight": 200,
            "isCustom": true
        },
        "region": {
            "type": "text",
            "rowsMin": 2,
            "cutHeight": 200,
            "isCustom": true
        },
        "explanations": {
            "type": "text",
            "rowsMin": 2,
            "cutHeight": 200,
            "isCustom": true
        },
        "tourInquiries": {
            "type": "linkMultiple"
        }
    },
    "links": {
        "createdBy": {
            "type": "belongsTo",
            "entity": "User"
        },
        "modifiedBy": {
            "type": "belongsTo",
            "entity": "User"
        },
        "assignedUser": {
            "type": "belongsTo",
            "entity": "User"
        },
        "teams": {
            "type": "hasMany",
            "entity": "Team",
            "relationName": "entityTeam",
            "layoutRelationshipsDisabled": true
        },
        "meetings": {
            "type": "hasMany",
            "entity": "Meeting",
            "foreign": "parent"
        },
        "calls": {
            "type": "hasMany",
            "entity": "Call",
            "foreign": "parent"
        },
        "tasks": {
            "type": "hasChildren",
            "entity": "Task",
            "foreign": "parent"
        },
        "emails": {
            "type": "hasChildren",
            "entity": "Email",
            "foreign": "parent",
            "layoutRelationshipsDisabled": true
        },
        "tourPackages": {
            "type": "hasMany",
            "foreign": "destination",
            "entity": "CTourPackage",
            "audited": false,
            "isCustom": true
        },
        "tourInquiries": {
            "type": "hasMany",
            "foreign": "destination",
            "entity": "CTourInquiry",
            "audited": false,
            "isCustom": true
        }
    },
    "collection": {
        "orderBy": "createdAt",
        "order": "desc",
        "textFilterFields": [
            "name"
        ],
        "fullTextSearch": false,
        "countDisabled": false
    },
    "indexes": {
        "name": {
            "columns": [
                "name",
                "deleted"
            ]
        },
        "assignedUser": {
            "columns": [
                "assignedUserId",
                "deleted"
            ]
        },
        "createdAt": {
            "columns": [
                "createdAt"
            ]
        },
        "createdAtId": {
            "unique": true,
            "columns": [
                "createdAt",
                "id"
            ]
        }
    },
    "optimisticConcurrencyControl": false
}