{
    "fields": {
        "name": {
            "type": "varchar",
            "required": true,
            "pattern": "$noBadCharacters"
        },
        "description": {
            "type": "text"
        },
        "createdAt": {
            "type": "datetime",
            "readOnly": true
        },
        "modifiedAt": {
            "type": "datetime",
            "readOnly": true
        },
        "createdBy": {
            "type": "link",
            "readOnly": true,
            "view": "views/fields/user"
        },
        "modifiedBy": {
            "type": "link",
            "readOnly": true,
            "view": "views/fields/user"
        },
        "assignedUser": {
            "type": "link",
            "required": false,
            "view": "views/fields/assigned-user"
        },
        "teams": {
            "type": "linkMultiple",
            "view": "views/fields/teams"
        },
        "phone": {
            "type": "varchar",
            "maxLength": 100,
            "options": [],
            "isCustom": true
        },
        "email": {
            "type": "address",
            "isCustom": true
        },
        "languages": {
            "type": "multiEnum",
            "storeArrayValues": true,
            "default": [],
            "options": [
                "",
                "Amharic",
                "English",
                "Tigrigna",
                "Other"
            ],
            "style": {
                "": null,
                "Amharic": null,
                "English": null,
                "Tigrigna": null,
                "Other": null
            },
            "isCustom": true
        },
        "bio": {
            "type": "text",
            "rowsMin": 2,
            "cutHeight": 200,
            "isCustom": true
        },
        "available": {
            "notNull": true,
            "type": "bool",
            "isCustom": true
        },
        "photo": {
            "type": "image",
            "previewSize": "small",
            "isCustom": true
        },
        "gender": {
            "type": "enum",
            "options": [
                "male",
                "Female",
                "Other"
            ],
            "style": {
                "male": null,
                "Female": null,
                "Other": null
            },
            "default": "male",
            "maxLength": 100,
            "isCustom": true
        }
    },
    "links": {
        "createdBy": {
            "type": "belongsTo",
            "entity": "User"
        },
        "modifiedBy": {
            "type": "belongsTo",
            "entity": "User"
        },
        "assignedUser": {
            "type": "belongsTo",
            "entity": "User"
        },
        "teams": {
            "type": "hasMany",
            "entity": "Team",
            "relationName": "entityTeam",
            "layoutRelationshipsDisabled": true
        },
        "meetings": {
            "type": "hasMany",
            "entity": "Meeting",
            "foreign": "parent"
        },
        "calls": {
            "type": "hasMany",
            "entity": "Call",
            "foreign": "parent"
        },
        "tasks": {
            "type": "hasChildren",
            "entity": "Task",
            "foreign": "parent"
        },
        "emails": {
            "type": "hasChildren",
            "entity": "Email",
            "foreign": "parent",
            "layoutRelationshipsDisabled": true
        },
        "photo": {
            "type": "belongsTo",
            "entity": "Attachment",
            "skipOrmDefs": true,
            "utility": true
        },
        "tourPackages": {
            "type": "hasMany",
            "relationName": "cTourGuideTourPackage",
            "foreign": "tourGuides",
            "entity": "CTourPackage",
            "audited": false,
            "isCustom": true
        },
        "bookings": {
            "type": "hasMany",
            "foreign": "tourGuide",
            "entity": "CBooking",
            "audited": false,
            "isCustom": true
        }
    },
    "collection": {
        "orderBy": "createdAt",
        "order": "desc"
    },
    "indexes": {
        "name": {
            "columns": [
                "name",
                "deleted"
            ]
        },
        "assignedUser": {
            "columns": [
                "assignedUserId",
                "deleted"
            ]
        },
        "createdAt": {
            "columns": [
                "createdAt"
            ]
        },
        "createdAtId": {
            "unique": true,
            "columns": [
                "createdAt",
                "id"
            ]
        }
    }
}