{
    "creatable": true,
    "updatable": true,
    "removable": true,
    "importable": true,
    "searchable": true,
    "fields": {
        "name": {
            "type": "varchar",
            "required": true,
            "pattern": "$noBadCharacters"
        },
        "description": {
            "type": "text"
        },
        "createdAt": {
            "type": "datetime",
            "readOnly": true
        },
        "modifiedAt": {
            "type": "datetime",
            "readOnly": true
        },
        "createdBy": {
            "type": "link",
            "readOnly": true,
            "view": "views/fields/user"
        },
        "modifiedBy": {
            "type": "link",
            "readOnly": true,
            "view": "views/fields/user"
        },
        "assignedUser": {
            "type": "link",
            "required": false,
            "view": "views/fields/assigned-user"
        },
        "teams": {
            "type": "linkMultiple",
            "view": "views/fields/teams"
        },
        "packageName": {
            "type": "text",
            "required": true,
            "rowsMin": 2,
            "cutHeight": 200,
            "isCustom": true
        },
        "price": {
            "type": "currency",
            "isCustom": true
        },
        "duration": {
            "type": "int",
            "isCustom": true
        },
        "startDate": {
            "notNull": false,
            "type": "date",
            "isCustom": true
        },
        "endDate": {
            "notNull": false,
            "type": "date",
            "isCustom": true
        },
        "tourType": {
            "type": "enum",
            "options": [
                "Cultural",
                "Historic",
                "Eco",
                "Trekking",
                "Religious"
            ],
            "style": {
                "Cultural": null,
                "Historic": null,
                "Eco": null,
                "Trekking": null,
                "Religious": null
            },
            "default": "Cultural",
            "labelType": "state",
            "maxLength": 100,
            "isCustom": true
        },
        "bookings": {
            "type": "linkMultiple"
        },
        "destination": {
            "type": "link"
        },
        "tourInquiries": {
            "type": "linkMultiple"
        }
    },
    "links": {
        "createdBy": {
            "type": "belongsTo",
            "entity": "User"
        },
        "modifiedBy": {
            "type": "belongsTo",
            "entity": "User"
        },
        "assignedUser": {
            "type": "belongsTo",
            "entity": "User"
        },
        "teams": {
            "type": "hasMany",
            "entity": "Team",
            "relationName": "entityTeam",
            "layoutRelationshipsDisabled": true
        },
        "meetings": {
            "type": "hasMany",
            "entity": "Meeting",
            "foreign": "parent"
        },
        "calls": {
            "type": "hasMany",
            "entity": "Call",
            "foreign": "parent"
        },
        "tasks": {
            "type": "hasChildren",
            "entity": "Task",
            "foreign": "parent"
        },
        "emails": {
            "type": "hasChildren",
            "entity": "Email",
            "foreign": "parent",
            "layoutRelationshipsDisabled": true
        },
        "bookings": {
            "type": "hasMany",
            "foreign": "tourPackage",
            "entity": "CBooking",
            "audited": false,
            "isCustom": true
        },
        "destination": {
            "type": "belongsTo",
            "foreign": "tourPackages",
            "entity": "CDestination",
            "audited": false,
            "isCustom": true
        },
        "tourInquiries": {
            "type": "hasMany",
            "foreign": "tourPackage",
            "entity": "CTourInquiry",
            "audited": false,
            "isCustom": true
        },
        "tourGuides": {
            "type": "hasMany",
            "relationName": "cTourGuideTourPackage",
            "foreign": "tourPackages",
            "entity": "CTourGuide",
            "audited": false,
            "isCustom": true
        }
    },
    "collection": {
        "orderBy": "createdAt",
        "order": "desc"
    },
    "indexes": {
        "name": {
            "columns": [
                "name",
                "deleted"
            ]
        },
        "assignedUser": {
            "columns": [
                "assignedUserId",
                "deleted"
            ]
        },
        "createdAt": {
            "columns": [
                "createdAt"
            ]
        },
        "createdAtId": {
            "unique": true,
            "columns": [
                "createdAt",
                "id"
            ]
        }
    }
}