{
    "fields": {
        "name": {
            "type": "varchar",
            "required": true,
            "pattern": "$noBadCharacters"
        },
        "description": {
            "type": "text"
        },
        "createdAt": {
            "type": "datetime",
            "readOnly": true
        },
        "modifiedAt": {
            "type": "datetime",
            "readOnly": true
        },
        "createdBy": {
            "type": "link",
            "readOnly": true,
            "view": "views/fields/user"
        },
        "modifiedBy": {
            "type": "link",
            "readOnly": true,
            "view": "views/fields/user"
        },
        "assignedUser": {
            "type": "link",
            "required": false,
            "view": "views/fields/assigned-user"
        },
        "teams": {
            "type": "linkMultiple",
            "view": "views/fields/teams"
        },
        "email": {
            "type": "varchar",
            "maxLength": 100,
            "options": [],
            "isCustom": true
        },
        "phone": {
            "type": "varchar",
            "maxLength": 100,
            "options": [],
            "isCustom": true
        },
        "travelDate": {
            "notNull": false,
            "type": "date",
            "isCustom": true
        },
        "groupSize": {
            "type": "int",
            "isCustom": true
        },
        "notesSpecialRequests": {
            "type": "text",
            "rowsMin": 2,
            "cutHeight": 200,
            "isCustom": true
        },
        "status": {
            "type": "enum",
            "style": {
                "Inquiry": null,
                "Contacted": null,
                "Converted": null,
                "Dropped": null
            },
            "maxLength": 100,
            "isCustom": true,
            "options": [
                "Inquiry",
                "Contacted",
                "Converted",
                "Dropped"
            ],
            "default": "Inquiry"
        },
        "tourPackage": {
            "type": "link"
        },
        "destination": {
            "type": "link"
        },
        "travelAgent": {
            "type": "link"
        }
    },
    "links": {
        "createdBy": {
            "type": "belongsTo",
            "entity": "User"
        },
        "modifiedBy": {
            "type": "belongsTo",
            "entity": "User"
        },
        "assignedUser": {
            "type": "belongsTo",
            "entity": "User"
        },
        "teams": {
            "type": "hasMany",
            "entity": "Team",
            "relationName": "entityTeam",
            "layoutRelationshipsDisabled": true
        },
        "meetings": {
            "type": "hasMany",
            "entity": "Meeting",
            "foreign": "parent"
        },
        "calls": {
            "type": "hasMany",
            "entity": "Call",
            "foreign": "parent"
        },
        "tasks": {
            "type": "hasChildren",
            "entity": "Task",
            "foreign": "parent"
        },
        "emails": {
            "type": "hasChildren",
            "entity": "Email",
            "foreign": "parent",
            "layoutRelationshipsDisabled": true
        },
        "tourPackage": {
            "type": "belongsTo",
            "foreign": "tourInquiries",
            "entity": "CTourPackage",
            "audited": false,
            "isCustom": true
        },
        "destination": {
            "type": "belongsTo",
            "foreign": "tourInquiries",
            "entity": "CDestination",
            "audited": false,
            "isCustom": true
        },
        "travelAgent": {
            "type": "belongsTo",
            "foreign": "tourInquiries",
            "entity": "CTravelAgent",
            "audited": false,
            "isCustom": true
        },
        "bookings": {
            "type": "hasMany",
            "foreign": "tourInquiry",
            "entity": "CBooking",
            "audited": false,
            "isCustom": true
        }
    },
    "collection": {
        "orderBy": "createdAt",
        "order": "desc",
        "textFilterFields": [
            "name"
        ],
        "fullTextSearch": false,
        "countDisabled": false
    },
    "indexes": {
        "name": {
            "columns": [
                "name",
                "deleted"
            ]
        },
        "assignedUser": {
            "columns": [
                "assignedUserId",
                "deleted"
            ]
        },
        "createdAt": {
            "columns": [
                "createdAt"
            ]
        },
        "createdAtId": {
            "unique": true,
            "columns": [
                "createdAt",
                "id"
            ]
        }
    },
    "optimisticConcurrencyControl": false
}