[
    {
        "rows": [
            [
                {
                    "name": "name"
                },
                {
                    "name": "accounts"
                }
            ],
            [
                {
                    "name": "emailAddress"
                },
                {
                    "name": "phoneNumber"
                }
            ],
            [
                {
                    "name": "addressCountry"
                },
                {
                    "name": "addressState"
                }
            ],
            [
                {
                    "name": "address"
                },
                {
                    "name": "addressStreet"
                }
            ],
            [
                false,
                false
            ],
            [
                {
                    "name": "description"
                }
            ]
        ],
        "dynamicLogicVisible": null,
        "style": "default",
        "dynamicLogicStyled": null,
        "tabBreak": false,
        "hidden": false,
        "noteText": null,
        "customLabel": "Basic Info"
    },
    {
        "rows": [
            [
                {
                    "name": "cBookings"
                },
                {
                    "name": "campaign"
                }
            ],
            [
                {
                    "name": "originalLead"
                },
                false
            ]
        ],
        "dynamicLogicVisible": null,
        "style": "default",
        "tabBreak": false,
        "tabLabel": null,
        "hidden": false,
        "noteText": null,
        "noteStyle": "info",
        "customLabel": "Bookings & Inquiries"
    }
]