{
    "controller": "controllers/record",
    "boolFilterList": [
        "onlyMy"
    ],
    "sidePanels": {
        "detail": [
            {
                "name": "activities",
                "reference": "activities"
            },
            {
                "name": "history",
                "reference": "history"
            },
            {
                "name": "tasks",
                "reference": "tasks"
            }
        ]
    },
    "bottomPanels": {
        "detail": [
            {
                "name": "activities",
                "reference": "activities",
                "disabled": true
            },
            {
                "name": "history",
                "reference": "history",
                "disabled": true
            }
        ]
    },
    "kanbanViewMode": false,
    "color": "#06215d",
    "iconClass": "fas fa-ticket",
    "relationshipPanels": {
        "tourPackage": {
            "layout": null,
            "selectPrimaryFilterName": null
        },
        "contact": {
            "layout": null,
            "selectPrimaryFilterName": null
        },
        "travelAgent": {
            "layout": null,
            "selectPrimaryFilterName": null
        },
        "tourInquiry": {
            "layout": null,
            "selectPrimaryFilterName": null
        },
        "tourGuide": {
            "layout": null,
            "selectPrimaryFilterName": null
        }
    }
}