[
    {
        "rows": [
            [
                {
                    "name": "name"
                },
                {
                    "name": "dname"
                }
            ],
            [
                {
                    "name": "region"
                },
                false
            ]
        ],
        "dynamicLogicVisible": null,
        "style": "default",
        "dynamicLogicStyled": null,
        "tabBreak": false,
        "hidden": false,
        "noteText": null,
        "customLabel": "Destination Info"
    },
    {
        "rows": [
            [
                {
                    "name": "description"
                },
                false
            ],
            [
                {
                    "name": "explanations"
                },
                false
            ],
            [
                {
                    "name": "streamUpdatedAt"
                },
                false
            ],
            [
                {
                    "name": "tourInquiries"
                },
                false
            ]
        ],
        "dynamicLogicVisible": null,
        "style": "default",
        "tabBreak": false,
        "tabLabel": null,
        "hidden": false,
        "noteText": null,
        "noteStyle": "info",
        "customLabel": "Descriptions"
    }
]